"","X","Y","FID","ID","NAME","ADDRESS","CITY","STATE","ZIP","ZIP4","TELEPHONE","TYPE","STATUS","POPULATION","COUNTY","COUNTYFIPS","COUNTRY","LATITUDE","LONGITUDE","NAICS_CODE","NAICS_DESC","SOURCE","SOURCEDATE","VAL_METHOD","VAL_DATE","WEBSITE","STATE_ID","ALT_NAME","ST_FIPS","OWNER","TTL_STAFF","BEDS","TRAUMA","HELIPAD"
"1",-9039357.6755,4549457.6919,421,4125801,"RALEIGH GENERAL HOSPITAL","1710 HARPER ROAD","BECKLEY","WV",25801,"NOT AVAILABLE","(304) 256-4100","GENERAL ACUTE CARE","OPEN",300,"RALEIGH","54081","USA",37.787554395,-81.201931585,622110,"GENERAL MEDICAL AND SURGICAL HOSPITALS","https://ohflac.wvdhhr.org/apps/lookup/facilitysearch","2019/08/10 00:00:00","IMAGERY","2014/02/10 00:00:00","http://www.raleighgeneral.com","201035","RALEIGH GENERAL HOSPITAL, LLC",54,"PROPRIETARY",-999,300,"LEVEL III","Y"
"2",-8667197.4118,4764158.5966,430,825438,"JEFFERSON MEDICAL CENTER","300 SOUTH PRESTON STREET","RANSON","WV",25438,"NOT AVAILABLE","(304) 728-1600","CRITICAL ACCESS","OPEN",25,"JEFFERSON","54037","USA",39.2959891360001,-77.858759055,622110,"GENERAL MEDICAL AND SURGICAL HOSPITALS","https://ohflac.wvdhhr.org/apps/lookup/facilitysearch","2019/08/10 00:00:00","IMAGERY","2014/02/10 00:00:00","http://www.wvuniversityhealthcare.com/default.aspx","205020","JEFFERSON MEMORIAL HOSPITAL",54,"NON-PROFIT",-999,25,"LEVEL IV","Y"
"3",-9033552.2529,4575368.9508,431,3625901,"PLATEAU MEDICAL CENTER","430 MAIN STREET","OAK HILL","WV",25901,"NOT AVAILABLE","(304) 469-8600","CRITICAL ACCESS","OPEN",25,"FAYETTE","54019","USA",37.971276577,-81.149780587,622110,"GENERAL MEDICAL AND SURGICAL HOSPITALS","https://ohflac.wvdhhr.org/apps/lookup/facilitysearch","2019/08/10 00:00:00","IMAGERY/OTHER","2013/11/15 00:00:00","http://www.plateaumedicalcenter.com","205018","PLATEAU MEDICAL CENTER",54,"PROPRIETARY",-999,25,"NOT AVAILABLE","N"
"4",-9027175.023,4710613.6464,432,3226147,"MINNIE HAMILTON HEALTH CARE CENTER","186 HOSPITAL DRIVE","GRANTSVILLE","WV",26147,"NOT AVAILABLE","(304) 354-9244","CRITICAL ACCESS","OPEN",42,"CALHOUN","54013","USA",38.9227600680001,-81.0924929559999,622110,"GENERAL MEDICAL AND SURGICAL HOSPITALS","https://ohflac.wvdhhr.org/apps/lookup/facilitysearch","2019/08/10 00:00:00","IMAGERY","2014/02/10 00:00:00","http://www.mhhcc.com","205004","MINNIE HAMILTON HEALTH CARE CENTER",54,"NON-PROFIT",-999,42,"NOT AVAILABLE","Y"
"5",-9172771.9859,4640427.9738,433,1825701,"ST MARY'S MEDICAL CENTER","2900 1ST AVENUE","HUNTINGTON","WV",25701,"NOT AVAILABLE","(304) 526-1234","GENERAL ACUTE CARE","OPEN",393,"CABELL","54011","USA",38.430550451,-82.4004127269999,622110,"GENERAL MEDICAL AND SURGICAL HOSPITALS","https://ohflac.wvdhhr.org/apps/lookup/facilitysearch","2019/08/10 00:00:00","IMAGERY","2014/03/12 00:00:00","http://www.st-marys.org","201042","ST. MARY'S MEDICAL CENTER",54,"NON-PROFIT",-999,393,"LEVEL II","Y"
"6",-9029459.0643,4489786.4464,434,4024740,"PRINCETON COMMUNITY HOSPITAL","122 12TH STREET, PO BOX 1369","PRINCETON","WV",24740,"NOT AVAILABLE","(304) 487-7260","GENERAL ACUTE CARE","OPEN",267,"MERCER","54055","USA",37.3627189270001,-81.113010848,622110,"GENERAL MEDICAL AND SURGICAL HOSPITALS","https://ohflac.wvdhhr.org/apps/lookup/facilitysearch","2019/08/10 00:00:00","IMAGERY","2014/02/10 00:00:00","http://www.pchonline.org","201034","PRINCETON COMMUNITY HOSPITAL",54,"GOVERNMENT - LOCAL",-999,267,"LEVEL IV","Y"
"7",-9141915.4632,4702933.6321,435,3725550,"PLEASANT VALLEY HOSPITAL","2520 VALLEY DRIVE","POINT PLEASANT","WV",25550,"NOT AVAILABLE","(304) 675-4340","GENERAL ACUTE CARE","OPEN",201,"MASON","54053","USA",38.8690654100001,-82.123223867,622110,"GENERAL MEDICAL AND SURGICAL HOSPITALS","https://ohflac.wvdhhr.org/apps/lookup/facilitysearch","2019/08/10 00:00:00","IMAGERY","2014/02/10 00:00:00","http://www.pvalley.org","201031","PLEASANT VALLEY HOSPITAL",54,"NON-PROFIT",-999,201,"LEVEL IV","Y"
"8",-9106623.4145,4586237.0957,436,1425130,"BOONE MEMORIAL HOSPITAL","701 MADISON AVENUE","MADISON","WV",25130,"NOT AVAILABLE","(304) 369-1230","CRITICAL ACCESS","OPEN",25,"BOONE","54005","USA",38.0482000000001,-81.80619,622110,"GENERAL MEDICAL AND SURGICAL HOSPITALS","https://ohflac.wvdhhr.org/apps/lookup/facilitysearch","2019/08/10 00:00:00","IMAGERY/OTHER","2013/11/15 00:00:00","http://www.bmh.org","205014","BOONE MEMORIAL HOSPITAL",54,"GOVERNMENT - LOCAL",-999,25,"LEVEL IV","N"
"9",-8917690.6831,4607835.2073,437,5824924,"POCAHONTAS MEMORIAL HOSPITAL","150 DUNCAN RD, RR BOX 52 WEST","BUCKEYE","WV",24924,"NOT AVAILABLE","(304) 799-7400","CRITICAL ACCESS","OPEN",25,"POCAHONTAS","54075","USA",38.2008291170001,-80.108978397,622110,"GENERAL MEDICAL AND SURGICAL HOSPITALS","https://ohflac.wvdhhr.org/apps/lookup/facilitysearch","2019/08/10 00:00:00","IMAGERY/OTHER","2013/11/15 00:00:00","http://www.pmhwv.org/","205016","POCAHONTAS MEMORIAL HOSPITAL",54,"GOVERNMENT - LOCAL",-999,25,"LEVEL IV","Y"
"10",-8870811.7196,4788510.6302,438,3926537,"PRESTON MEMORIAL HOSPITAL","300 S PRICE STREET","KINGWOOD","WV",26537,"NOT AVAILABLE","(304) 329-1400","CRITICAL ACCESS","CLOSED",25,"PRESTON","54077","USA",39.46507784,-79.687857503,622110,"GENERAL MEDICAL AND SURGICAL HOSPITALS","http://www.wvdhhr.org/ohflac/facilitylookup/default.aspx","2012/10/30 00:00:00","IMAGERY","2014/02/10 00:00:00","http://www.prestonmemorial.org","205013","PRESTON MEMORIAL HOSPITAL",54,"NON-PROFIT",-999,25,"NOT AVAILABLE","Y"
"11",-8960807.6017,4727567.5676,439,5026452,"WILLIAM R SHARPE JR HOSPITAL","936 SHARPE HOSPITAL ROAD","WESTON","WV",26452,"NOT AVAILABLE","(304) 269-1210","PSYCHIATRIC","OPEN",150,"LEWIS","54041","USA",39.0411492700001,-80.496304267,622210,"PSYCHIATRIC AND SUBSTANCE ABUSE HOSPITALS","https://ohflac.wvdhhr.org/apps/lookup/facilitysearch","2019/08/10 00:00:00","IMAGERY","2014/02/10 00:00:00","http://www.wvdhhr.org/sharpe","203005","WILLIAM R. SHARPE, JR. HOSPITAL",54,"GOVERNMENT - STATE",-999,150,"NOT AVAILABLE","N"
"12",-8931873.9999,4720441.4965,441,1726201,"ST JOSEPH HOSPITAL","1 AMALIA DRIVE","BUCKHANNON","WV",26201,"NOT AVAILABLE","(304) 472-2000","CRITICAL ACCESS","OPEN",51,"UPSHUR","54097","USA",38.9914120460001,-80.2363892989999,622110,"GENERAL MEDICAL AND SURGICAL HOSPITALS","https://ohflac.wvdhhr.org/apps/lookup/facilitysearch","2019/08/10 00:00:00","IMAGERY","2014/02/10 00:00:00","http://www.stj.net","WV201040","ST. JOSEPH'S HOSPITAL/BUCKHANNON",54,"NON-PROFIT",-999,51,"LEVEL IV","Y"
"13",-8680720.2945,4790120.7751,442,2325401,"BERKELEY MEDICAL CENTER","2500 HOSPITAL DRIVE","MARTINSBURG","WV",25401,"NOT AVAILABLE","(304) 264-1000","GENERAL ACUTE CARE","OPEN",241,"BERKELEY","54003","USA",39.476243465,-77.9802371769999,622110,"GENERAL MEDICAL AND SURGICAL HOSPITALS","https://ohflac.wvdhhr.org/apps/lookup/facilitysearch","2019/08/10 00:00:00","IMAGERY","2014/02/10 00:00:00","http://www.cityhospital.org","201009","CITY HOSPITAL",54,"NON-PROFIT",-999,195,"LEVEL III","Y"
"14",-8900886.3096,4815850.2576,443,6326506,"WEST VIRGINIA UNIVERSITY HOSPITALS","1 MEDICAL CENTER DRIVE","MORGANTOWN","WV",26506,"NOT AVAILABLE","(304) 598-4000","GENERAL ACUTE CARE","OPEN",645,"MONONGALIA","54061","USA",39.6544225740001,-79.958022141,622110,"GENERAL MEDICAL AND SURGICAL HOSPITALS","https://ohflac.wvdhhr.org/apps/lookup/facilitysearch","2019/08/10 00:00:00","IMAGERY/OTHER","2014/02/10 00:00:00","http://www.health.wvu.edu","201048","WEST VIRGINIA UNIVERSITY HOSPITALS",54,"NON-PROFIT",-999,677,"LEVEL I","Y"
"15",-8989320.2278,4858118.8549,444,1026038,"REYNOLDS MEMORIAL HOSPITAL","800 WHEELING AVE","GLEN DALE","WV",26038,"NOT AVAILABLE","(304) 843-3230","GENERAL ACUTE CARE","OPEN",127,"MARSHALL","54051","USA",39.946141927,-80.752437545,622110,"GENERAL MEDICAL AND SURGICAL HOSPITALS","https://ohflac.wvdhhr.org/apps/lookup/facilitysearch","2019/08/10 00:00:00","IMAGERY","2014/02/10 00:00:00","http://www.reynoldsmemorial.com","201036","REYNOLDS MEMORIAL HOSPITAL",54,"NON-PROFIT",-999,90,"LEVEL IV","N"
"16",-9035600.8831,4551046.4674,530,1125801,"BECKLEY ARH HOSPITAL","306 STANAFORD ROAD","BECKLEY","WV",25801,"NOT AVAILABLE","(304) 255-3456","GENERAL ACUTE CARE","OPEN",173,"RALEIGH","54081","USA",37.798832695,-81.168183745,622110,"GENERAL MEDICAL AND SURGICAL HOSPITALS","https://ohflac.wvdhhr.org/apps/lookup/facilitysearch","2019/08/10 00:00:00","IMAGERY","2014/02/10 00:00:00","http://www.arh.org/locations/beckley.aspx","201001","BECKLEY ARH HOSPITAL",54,"NON-PROFIT",-999,173,"LEVEL IV","Y"
"17",-9097793.1655,4629678.3551,1322,2225309,"THOMAS MEMORIAL HOSPITAL","4605 MACCORKLE AVE SW","SOUTH CHARLESTON","WV",25309,"NOT AVAILABLE","(304) 766-3600","GENERAL ACUTE CARE","OPEN",241,"KANAWHA","54039","USA",38.354865105,-81.726866523,622110,"GENERAL MEDICAL AND SURGICAL HOSPITALS","https://ohflac.wvdhhr.org/apps/lookup/facilitysearch","2019/08/10 00:00:00","IMAGERY","2014/02/10 00:00:00","http://www.thomaswv.org","201015","THOMAS MEMORIAL HOSPITAL",54,"NON-PROFIT",-999,241,"LEVEL IV","N"
"18",-8932215.8287,4768808.8678,1323,6026330,"UNITED HOSPITAL CENTER","327 MEDICAL PARK DRIVE","BRIDGEPORT","WV",26330,"NOT AVAILABLE","(681) 342-1000","GENERAL ACUTE CARE","OPEN",292,"HARRISON","54033","USA",39.32831,-80.23946,622110,"GENERAL MEDICAL AND SURGICAL HOSPITALS","https://ohflac.wvdhhr.org/apps/lookup/facilitysearch","2019/08/10 00:00:00","IMAGERY","2014/02/10 00:00:00","http://www.uhcwv.org","201046","UNITED HOSPITAL CENTER, INC.",54,"NON-PROFIT",-999,292,"LEVEL IV","Y"
"19",-9083998.6849,4626110.3444,1328,120,"CAMC MEMORIAL HOSPITAL","3200 MACCORKLE AVE SE","CHARLESTON","WV",25304,"NOT AVAILABLE","(304) 388-4172","GENERAL ACUTE CARE","OPEN",-999,"KANAWHA","54039","USA",38.329726136,-81.602948596,622110,"GENERAL MEDICAL AND SURGICAL HOSPITALS","https://ohflac.wvdhhr.org/apps/lookup/facilitysearch","2019/08/10 00:00:00","IMAGERY","2015/05/22 00:00:00","http://camc.org/mh","201052","CHARLESTON AREA MEDICAL CENTER",54,"NON-PROFIT",-999,-999,"LEVEL IV","Y"
"20",-9087016.0467,4628044.5175,1333,2125301,"CHARLESTON SURGICAL HOSPITAL","1306 KANAWHA BLVD E","CHARLESTON","WV",25301,"NOT AVAILABLE","(304) 343-4370","GENERAL ACUTE CARE","OPEN",-999,"KANAWHA","54039","USA",38.3433547330001,-81.630054018,622110,"GENERAL MEDICAL AND SURGICAL HOSPITALS","https://ohflac.wvdhhr.org/apps/lookup/facilitysearch","2019/08/10 00:00:00","IMAGERY/OTHER","2013/11/14 00:00:00","http://charlestonsurgicalhospital.com/","201062","EYE & EAR CLINIC OF CHARLESTON, THE",54,"PROPRIETARY",-999,35,"NOT AVAILABLE","N"
"21",-8985896.385,4874675.9976,1334,3526003,"OHIO VALLEY MEDICAL CENTER","2000 EOFF STREET","WHEELING","WV",26003,"NOT AVAILABLE","(304) 234-0120","GENERAL ACUTE CARE","OPEN",218,"OHIO","54069","USA",40.0600745780001,-80.721680642,622110,"GENERAL MEDICAL AND SURGICAL HOSPITALS","https://ohflac.wvdhhr.org/apps/lookup/facilitysearch","2019/08/10 00:00:00","IMAGERY","2014/02/10 00:00:00","http://www.ovmc-eorh.com","201028","OHIO VALLEY MEDICAL CENTER",54,"NON-PROFIT",-999,218,"NOT AVAILABLE","N"
"22",-9087905.1177,4630273.2395,2164,7525302,"CAMC WOMEN AND CHILDREN'S HOSPITAL","800 PENNSYLVANIA AVE","CHARLESTON","WV",25302,"NOT AVAILABLE","(304) 388-5432","WOMEN","OPEN",-999,"KANAWHA","54039","USA",38.359055606,-81.638040679,622310,"MATERNITY HOSPITALS","https://ohflac.wvdhhr.org/apps/lookup/facilitysearch","2019/08/10 00:00:00","IMAGERY/OTHER","2017/03/27 00:00:00","http://www.camc.org/wch","201052","CHARLESTON AREA MEDICAL CENTER",54,"NON-PROFIT",-999,-999,"LEVEL IV","Y"
"23",-9087370.7883,4629479.1448,2984,4425301,"ST FRANCIS HOSPITAL","333 LAIDLEY ST","CHARLESTON","WV",25301,"NOT AVAILABLE","(304) 347-6500","GENERAL ACUTE CARE","OPEN",142,"KANAWHA","54039","USA",38.353461768,-81.633240716,622110,"GENERAL MEDICAL AND SURGICAL HOSPITALS","https://ohflac.wvdhhr.org/apps/lookup/facilitysearch","2019/08/10 00:00:00","IMAGERY","2014/02/10 00:00:00","http://www.stfrancishospital.com","201039","SAINT FRANCIS HOSPITAL",54,"NON-PROFIT",-999,142,"NOT AVAILABLE","N"
"24",-8809490.2243,4721874.7882,2985,5426847,"GRANT MEMORIAL HOSPITAL","117 HOSPITAL DRIVE, P O BOX 1019","PETERSBURG","WV",26847,"NOT AVAILABLE","(304) 257-1026","CRITICAL ACCESS","OPEN",61,"GRANT","54023","USA",39.001418679,-79.136997138,622110,"GENERAL MEDICAL AND SURGICAL HOSPITALS","https://ohflac.wvdhhr.org/apps/lookup/facilitysearch","2019/08/10 00:00:00","IMAGERY/OTHER","2014/02/10 00:00:00","http://www.grantmemorial.com","205021","GRANT MEMORIAL HOSPITAL",54,"GOVERNMENT - LOCAL",-999,45,"NOT AVAILABLE","Y"
"25",-9080221.6886,4624031.7028,2986,725304,"HIGHLAND HOSPITAL","300 56TH ST SE","CHARLESTON","WV",25304,"NOT AVAILABLE","(304) 926-1600","PSYCHIATRIC","OPEN",80,"KANAWHA","54039","USA",38.315076725,-81.5690192609999,622210,"PSYCHIATRIC AND SUBSTANCE ABUSE HOSPITALS","https://ohflac.wvdhhr.org/apps/lookup/facilitysearch","2019/08/10 00:00:00","IMAGERY/OTHER","2014/02/10 00:00:00","http://www.highlandhosp.com","203001","HIGHLAND HOSPITAL",54,"NON-PROFIT",-999,104,"NOT AVAILABLE","N"
"26",-9176811.3999,4638870.7656,2988,1225701,"RIVER PARK HOSPITAL","1230 SIXTH AVENUE","HUNTINGTON","WV",25701,"NOT AVAILABLE","(304) 526-9100","PSYCHIATRIC","OPEN",165,"CABELL","54011","USA",38.4195914490001,-82.4366994,622210,"PSYCHIATRIC AND SUBSTANCE ABUSE HOSPITALS","https://ohflac.wvdhhr.org/apps/lookup/facilitysearch","2019/08/10 00:00:00","IMAGERY/OTHER","2014/02/10 00:00:00","http://www.riverparkhospital.net","203003","HHC RIVER PARK, INC.",54,"PROPRIETARY",-999,165,"NOT AVAILABLE","N"
"27",-9158549.3759,4534152.5351,2989,5125661,"WILLIAMSON MEMORIAL HOSPITAL","859 ALDERSON STREET","WILLIAMSON","WV",25661,"NOT AVAILABLE","(304) 235-2500","GENERAL ACUTE CARE","OPEN",76,"MINGO","54059","USA",37.678818962,-82.272648847,622110,"GENERAL MEDICAL AND SURGICAL HOSPITALS","https://ohflac.wvdhhr.org/apps/lookup/facilitysearch","2019/08/10 00:00:00","IMAGERY","2014/02/10 00:00:00","http://www.williamsonmemorial.net","201055","WILLIAMSON MEMORIAL HOSPITAL",54,"PROPRIETARY",-999,76,"NOT AVAILABLE","Y"
"28",-8794593.8531,4780500.9433,2990,3826726,"POTOMAC VALLEY HOSPITAL","100 PIN OAK LANE","KEYSER","WV",26726,"NOT AVAILABLE","(304) 597-3500","CRITICAL ACCESS","OPEN",25,"MINERAL","54057","USA",39.40950767,-79.003180759,622110,"GENERAL MEDICAL AND SURGICAL HOSPITALS","https://ohflac.wvdhhr.org/apps/lookup/facilitysearch","2019/08/10 00:00:00","IMAGERY","2014/02/10 00:00:00","http://www.potomacvalleyhospital.com","205015","POTOMAC VALLEY HOSPITAL OF WV, INC.",54,"PROPRIETARY",-999,25,"NOT AVAILABLE","Y"
"29",-9185685.2711,4632804.0468,2996,16925701,"HUNTINGTON V A MEDICAL CENTER","1540 SPRING VALLEY DR","HUNTINGTON","WV",25701,"NOT AVAILABLE","(304) 429-6741","MILITARY","OPEN",-999,"WAYNE","54099","USA",38.376880478,-82.5164147409999,622110,"GENERAL MEDICAL AND SURGICAL HOSPITALS","https://www.va.gov/directory/guide/allstate.asp","2019/09/26 00:00:00","IMAGERY/OTHER","2015/05/29 00:00:00","http://www.huntington.va.gov/","NOT AVAILABLE","NOT AVAILABLE",54,"GOVERNMENT - FEDERAL",-999,-999,"NOT AVAILABLE","Y"
"30",-9052990.7052,4605263.6238,2997,3425136,"MONTGOMERY GENERAL HOSPITAL","401 SIXTH AVENUE, FAYETTE COUNTY","MONTGOMERY","WV",25136,"NOT AVAILABLE","(304) 442-5151","CRITICAL ACCESS","OPEN",69,"FAYETTE","54019","USA",38.1826730380001,-81.3243991749999,622110,"GENERAL MEDICAL AND SURGICAL HOSPITALS","https://ohflac.wvdhhr.org/apps/lookup/facilitysearch","2019/08/10 00:00:00","IMAGERY","2014/02/10 00:00:00","http://www.mghwv.com","25136","MONTGOMERY GENERAL HOSPITAL",54,"NON-PROFIT",-999,69,"NOT AVAILABLE","N"
"31",-8981813.9312,4874536.957,3263,4926003,"WHEELING HOSPITAL","1 MEDICAL PARK","WHEELING","WV",26003,"NOT AVAILABLE","(304) 243-3000","GENERAL ACUTE CARE","OPEN",247,"OHIO","54069","USA",40.0591186070001,-80.685007335,622110,"GENERAL MEDICAL AND SURGICAL HOSPITALS","https://ohflac.wvdhhr.org/apps/lookup/facilitysearch","2019/08/10 00:00:00","IMAGERY","2014/02/10 00:00:00","http://www.wheelinghospital.org","201050","WHEELING HOSPITAL, INC.",54,"NON-PROFIT",-999,223,"LEVEL II","Y"
"32",-9000184.4617,4819712.3838,3270,6426155,"WETZEL COUNTY HOSPITAL","3 EAST BENJAMIN DRIVE","NEW MARTINSVILLE","WV",26155,"NOT AVAILABLE","(304) 455-8000","GENERAL ACUTE CARE","OPEN",58,"WETZEL","54103","USA",39.6811286350001,-80.8500326179999,622110,"GENERAL MEDICAL AND SURGICAL HOSPITALS","https://ohflac.wvdhhr.org/apps/lookup/facilitysearch","2019/08/10 00:00:00","IMAGERY/OTHER","2019/04/16 00:00:00","http://www.wetzelcountyhospital.com","201049","WETZEL COUNTY HOSPITAL",54,"GOVERNMENT - LOCAL",-999,58,"LEVEL IV","Y"
"33",-8912438.0288,4742211.5837,3274,5226416,"BROADDUS HOSPITAL ASSOCIATION","1 HEALTHCARE DRIVE","PHILIPPI","WV",26416,"NOT AVAILABLE","(304) 457-1760","CRITICAL ACCESS","OPEN",72,"BARBOUR","54001","USA",39.143249,-80.061793,622110,"GENERAL MEDICAL AND SURGICAL HOSPITALS","https://ohflac.wvdhhr.org/apps/lookup/facilitysearch","2019/08/10 00:00:00","IMAGERY/OTHER","2019/04/16 00:00:00","http://www.davishealthsystem.org/","205001","BROADDUS HOSPITAL ASSOCIATION, INC.",54,"NON-PROFIT",-999,72,"NOT AVAILABLE","N"
"34",-8964324.5941,4923254.7,3520,152826062,"ACUITY SPECIALTY HOSPITAL OHIO VALLEY WEIRTON","601 COLLIERS WAY, 9TH FLOOR","WEIRTON","WV",26062,"NOT AVAILABLE","(704) 283-7497","LONG TERM CARE","OPEN",20,"BROOKE","54009","USA",40.3932551930001,-80.527897947,622310,"SPECIALTY (EXCEPT PSYCHIATRIC AND SUBSTANCE ABUSE) HOSPITALS","https://ohflac.wvdhhr.org/apps/lookup/facilitysearch","2019/08/10 00:00:00","IMAGERY","2015/03/30 00:00:00","NOT AVAILABLE","WV208003","NOT AVAILABLE",54,"NOT AVAILABLE",-999,20,"NOT AVAILABLE","Y"
"35",-9001326.812,4530189.2714,4500,5925951,"SUMMERS COUNTY ARH HOSPITAL","TERRACE STREET, P O BOX 940","HINTON","WV",25951,"NOT AVAILABLE","(304) 466-1000","CRITICAL ACCESS","OPEN",25,"SUMMERS","54089","USA",37.6506359470001,-80.860294526,622110,"GENERAL MEDICAL AND SURGICAL HOSPITALS","https://ohflac.wvdhhr.org/apps/lookup/facilitysearch","2019/08/10 00:00:00","IMAGERY","2014/02/10 00:00:00","http://www.arh.org/locations/summers_county.aspx","205011","SUMMERS COUNTY ARH HOSPITAL",54,"NON-PROFIT",-999,25,"LEVEL IV","Y"
"36",-8960338.6941,4728497.885,4503,4526452,"STONEWALL JACKSON MEMORIAL HOSPITAL","230 HOSPITAL PLAZA","WESTON","WV",26452,"NOT AVAILABLE","(304) 269-8080","GENERAL ACUTE CARE","OPEN",70,"LEWIS","54041","USA",39.047639944,-80.492091998,622110,"GENERAL MEDICAL AND SURGICAL HOSPITALS","https://ohflac.wvdhhr.org/apps/lookup/facilitysearch","2019/08/10 00:00:00","IMAGERY","2014/02/10 00:00:00","http://www.stonewallhospital.com","201044","STONEWALL JACKSON MEMORIAL HOSPITAL",54,"NON-PROFIT",-999,70,"LEVEL IV","Y"
"37",-8869660.0198,4788492.7888,4504,7626537,"PRESTON MEMORIAL HOSPITAL","150 MEMORIAL DRIVE","KINGWOOD","WV",26537,"NOT AVAILABLE","(304) 329-1400","CRITICAL ACCESS","OPEN",25,"PRESTON","54077","USA",39.464954108,-79.677511607,622110,"GENERAL MEDICAL AND SURGICAL HOSPITALS","https://ohflac.wvdhhr.org/apps/lookup/facilitysearch","2019/08/10 00:00:00","IMAGERY/OTHER","2017/03/28 00:00:00","https://www.prestonmemorial.org/","205013","NOT AVAILABLE",54,"NON-PROFIT",-999,25,"LEVEL IV","Y"
"38",-8908365.1744,4771040.4796,4508,2526354,"GRAFTON CITY HOSPITAL","1 HOSPITAL PLAZA","GRAFTON","WV",26354,"NOT AVAILABLE","(304) 265-0400","CRITICAL ACCESS","OPEN",101,"TAYLOR","54091","USA",39.34381511,-80.0252059269999,622110,"GENERAL MEDICAL AND SURGICAL HOSPITALS","https://ohflac.wvdhhr.org/apps/lookup/facilitysearch","2019/08/10 00:00:00","IMAGERY","2013/11/15 00:00:00","http://www.graftonhospital.com","205008","GRAFTON CITY HOSPITAL",54,"GOVERNMENT - LOCAL",-999,25,"NOT AVAILABLE","Y"
"39",-9038385.7658,4546276.3178,4811,16725801,"BECKLEY VA MEDICAL CENTER","200 VETERANS AVE","BECKLEY","WV",25801,"NOT AVAILABLE","(304) 255-2121","MILITARY","OPEN",-999,"RALEIGH","54081","USA",37.764965481,-81.193200772,622110,"GENERAL MEDICAL AND SURGICAL HOSPITALS","https://www.va.gov/directory/guide/allstate.asp","2019/09/26 00:00:00","IMAGERY/OTHER","2015/05/29 00:00:00","http://www.beckley.va.gov/","NOT AVAILABLE","NOT AVAILABLE",54,"GOVERNMENT - FEDERAL",-999,-999,"NOT AVAILABLE","Y"
"40",-9043095.3261,4474812.7735,5374,1324701,"BLUEFIELD REGIONAL MEDICAL CENTER","500 CHERRY ST","BLUEFIELD","WV",24701,"NOT AVAILABLE","(304) 327-1100","GENERAL ACUTE CARE","OPEN",92,"MERCER","54055","USA",37.2557323190001,-81.2355074719999,622110,"GENERAL MEDICAL AND SURGICAL HOSPITALS","https://ohflac.wvdhhr.org/apps/lookup/facilitysearch","2019/08/10 00:00:00","IMAGERY","2014/02/10 00:00:00","http://www.bluefield.org","201002","BLUEFIELD REGIONAL MEDICAL CENTER",54,"PROPRIETARY",-999,92,"LEVEL IV","Y"
"41",-8945870.4348,4760382.6492,5375,16826301,"LOUIS A. JOHNSON VA MEDICAL CENTER","1 MED CENTER DR","CLARKSBURG","WV",26301,"NOT AVAILABLE","(304) 623-3461","MILITARY","OPEN",-999,"HARRISON","54033","USA",39.2697341190001,-80.362121413,622110,"GENERAL MEDICAL AND SURGICAL HOSPITALS","https://www.va.gov/directory/guide/allstate.asp","2019/09/26 00:00:00","IMAGERY/OTHER","2015/05/29 00:00:00","http://www.clarksburg.va.gov/","NOT AVAILABLE","NOT AVAILABLE",54,"GOVERNMENT - FEDERAL",-999,-999,"NOT AVAILABLE","Y"
"42",-8923968.4689,4790999.3647,5434,2426554,"FAIRMONT GENERAL HOSPITAL","1325 LOCUST AVENUE","FAIRMONT","WV",26554,"NOT AVAILABLE","(304) 367-7100","GENERAL ACUTE CARE","OPEN",207,"MARION","54049","USA",39.4823353300001,-80.165372706,622110,"GENERAL MEDICAL AND SURGICAL HOSPITALS","https://ohflac.wvdhhr.org/apps/lookup/facilitysearch","2019/08/10 00:00:00","IMAGERY","2014/02/10 00:00:00","http://www.fghi.com","201012","FAIRMONT GENERAL HOSPITAL",54,"NON-PROFIT",-999,207,"NOT AVAILABLE","N"
"43",-8982814.8082,4877557.9277,6229,5726003,"PETERSON REHABILITATION HOSPITAL","HOMESTEAD AVENUE","WHEELING","WV",26003,"NOT AVAILABLE","(304) 234-0500","REHABILITATION","OPEN",172,"OHIO","54069","USA",40.0798862240001,-80.693998366,622310,"REHABILITATION HOSPITALS (EXCEPT ALCOHOLISM, DRUG ADDICTION)","https://ohflac.wvdhhr.org/apps/lookup/facilitysearch","2019/08/10 00:00:00","IMAGERY/OTHER","2013/11/15 00:00:00","http://weat.com/site6/","202029","PETERSON REHABILITATION HOSPITAL & GERIATRIC CENTER",54,"PROPRIETARY",-999,172,"NOT AVAILABLE","N"
"44",-9122866.3597,4643431.8137,6230,2025526,"CAMC TEAYS VALLEY HOSPITAL","1400 HOSPITAL DRIVE","HURRICANE","WV",25526,"NOT AVAILABLE","(304) 757-1700","GENERAL ACUTE CARE","OPEN",70,"PUTNAM","54079","USA",38.4516855640001,-81.952102859,622110,"GENERAL MEDICAL AND SURGICAL HOSPITALS","https://ohflac.wvdhhr.org/apps/lookup/facilitysearch","2019/08/10 00:00:00","IMAGERY","2014/02/10 00:00:00","http://www.camc.org","201052","CHARLESTON AREA MEDICAL CENTER",54,"NON-PROFIT",-999,70,"NOT AVAILABLE","Y"
"45",-9174206.6986,4637900.9719,6232,925709,"MILDRED MITCHELL-BATEMAN HOSPITAL","1530 NORWAY AVENUE","HUNTINGTON","WV",25709,"NOT AVAILABLE","(304) 525-7801","PSYCHIATRIC","OPEN",90,"CABELL","54011","USA",38.4127655930001,-82.41330097,622210,"PSYCHIATRIC AND SUBSTANCE ABUSE HOSPITALS","https://ohflac.wvdhhr.org/apps/lookup/facilitysearch","2019/08/10 00:00:00","IMAGERY","2014/02/10 00:00:00","http://www.batemanhospital.org","203004","MILDRED MITCHELL-BATEMAN HOSPITAL",54,"GOVERNMENT - STATE",-999,90,"NOT AVAILABLE","N"
"46",-9076362.4601,4765539.8665,6233,5626105,"ENCOMPASS HEALTH REHAB HOSPITAL OF PARKERSBURG","3 WESTERN HILLS DRIVE","PARKERSBURG","WV",26105,"NOT AVAILABLE","(304) 420-1300","REHABILITATION","OPEN",40,"WOOD","54107","USA",39.3055909600001,-81.534351221,622310,"REHABILITATION HOSPITALS (EXCEPT ALCOHOLISM, DRUG ADDICTION)","https://ohflac.wvdhhr.org/apps/lookup/facilitysearch","2019/08/10 00:00:00","IMAGERY/OTHER","2013/11/15 00:00:00","http://www.healthsouthwesternhills.com","201056","H/S WESTERN HILLS REG. REHAB.",54,"PROPRIETARY",-999,50,"NOT AVAILABLE","N"
"47",-8988893.9327,4673251.1167,6701,1626624,"BRAXTON COUNTY MEMORIAL HOSPITAL","100 HOYLMAN DRIVE","GASSAWAY","WV",26624,"NOT AVAILABLE","(304) 364-5156","CRITICAL ACCESS","OPEN",25,"BRAXTON","54007","USA",38.6611592940001,-80.748608071,622110,"GENERAL MEDICAL AND SURGICAL HOSPITALS","https://ohflac.wvdhhr.org/apps/lookup/facilitysearch","2019/08/10 00:00:00","IMAGERY/OTHER","2014/02/10 00:00:00","http://www.braxtonmemorial.org","205009","BRAXTON COUNTY MEMORIAL HOSPITAL",54,"NON-PROFIT",-999,25,"LEVEL IV","Y"
"48",-9175776.4513,4637474.9759,6702,1925701,"CABELL-HUNTINGTON HOSPITAL","1340 HAL GREER BOULEVARD","HUNTINGTON","WV",25701,"NOT AVAILABLE","(304) 526-2192","GENERAL ACUTE CARE","OPEN",313,"CABELL","54011","USA",38.409767032,-82.4274022989999,622110,"GENERAL MEDICAL AND SURGICAL HOSPITALS","https://ohflac.wvdhhr.org/apps/lookup/facilitysearch","2019/08/10 00:00:00","IMAGERY","2014/03/12 00:00:00","http://www.cabellhuntington.org","201055","CABELL-HUNTINGTON HOSPITAL",54,"NON-PROFIT",-999,313,"LEVEL II","Y"
"49",-8901327.3028,4816148.6125,6704,2726504,"ENCOMPASS HEALTH REHAB HOSPITAL OF MORGANTOWN","1160 VAN VOORHIS ROAD","MORGANTOWN","WV",26504,"NOT AVAILABLE","(304) 598-1100","REHABILITATION","OPEN",96,"MONONGALIA","54061","USA",39.6564860240001,-79.961983651,622310,"REHABILITATION HOSPITALS (EXCEPT ALCOHOLISM, DRUG ADDICTION)","https://ohflac.wvdhhr.org/apps/lookup/facilitysearch","2019/08/10 00:00:00","IMAGERY","2013/11/15 00:00:00","http://www.healthsouthmountainview.com","201057","WEST VIRGINIA REHABILITATION HOSPITAL, INC.",54,"PROPRIETARY",-999,96,"NOT AVAILABLE","N"
"50",-9029516.7524,4489961.1365,6705,2924740,"ENCOMPASS HEALTH REHAB HOSPITAL OF PRINCTON","120 12TH ST","PRINCETON","WV",24740,"NOT AVAILABLE","(304) 487-8000","REHABILITATION","OPEN",60,"MERCER","54055","USA",37.363966186,-81.113529069,622310,"REHABILITATION HOSPITALS (EXCEPT ALCOHOLISM, DRUG ADDICTION)","https://ohflac.wvdhhr.org/apps/lookup/facilitysearch","2019/08/10 00:00:00","IMAGERY","2014/02/10 00:00:00","http://www.healthsouthsouthernhills.com","201054","HEALTHSOUTH SOUTHERN HILLS REHAB.",54,"PROPRIETARY",-999,60,"NOT AVAILABLE","Y"
"51",-8957907.1681,4547430.3984,6706,2624970,"GREENBRIER VALLEY MEDICAL CENTER","1320 MAPLEWOOD AVENUE, PO BOX 497","RONCEVERTE","WV",24970,"NOT AVAILABLE","(304) 647-4411","GENERAL ACUTE CARE","OPEN",122,"GREENBRIER","54025","USA",37.773160671,-80.4702492279999,622110,"GENERAL MEDICAL AND SURGICAL HOSPITALS","https://ohflac.wvdhhr.org/apps/lookup/facilitysearch","2019/08/10 00:00:00","IMAGERY","2014/02/10 00:00:00","http://www.gvmc.com","201017","GREENBRIER VALLEY MEDEDICAL CENTER",54,"PROPRIETARY",-999,122,"NOT AVAILABLE","Y"
"52",-9127573.4115,4557707.0261,6707,3125601,"LOGAN REGIONAL MEDICAL CENTER","20 HOSPITAL DRIVE","LOGAN","WV",25601,"NOT AVAILABLE","(304) 831-1101","GENERAL ACUTE CARE","OPEN",140,"LOGAN","54045","USA",37.8460955100001,-81.994387025,622110,"GENERAL MEDICAL AND SURGICAL HOSPITALS","https://ohflac.wvdhhr.org/apps/lookup/facilitysearch","2019/08/10 00:00:00","IMAGERY","2013/11/15 00:00:00","http://www.loganregionalmedicalcenter.com","201023","LOGAN REGIONAL MEDICAL CENTER",54,"PROPRIETARY",-999,140,"LEVEL IV","N"
"53",-9165898.6235,4638770.9731,6708,625705,"ENCOMPASS HEALTH REHAB HOSPITAL OF HUNTINGTON","6900 WEST COUNTRY CLUB DRIVE","HUNTINGTON","WV",25705,"NOT AVAILABLE","(304) 733-1060","REHABILITATION","OPEN",62,"CABELL","54011","USA",38.4188890930001,-82.3386682619999,622310,"REHABILITATION HOSPITALS (EXCEPT ALCOHOLISM, DRUG ADDICTION)","https://ohflac.wvdhhr.org/apps/lookup/facilitysearch","2019/08/10 00:00:00","IMAGERY","2013/11/15 00:00:00","http://www.healthsouthhuntington.com","201060","HEALTHSOUTH REHABILITATION HOSPITAL OF HUNTINGTON, INC.",54,"PROPRIETARY",-999,62,"NOT AVAILABLE","N"
"54",-9057959.4572,4694857.1085,6709,4225276,"ROANE GENERAL HOSPITAL","200 HOSPITAL DRIVE","SPENCER","WV",25276,"NOT AVAILABLE","(304) 927-4444","CRITICAL ACCESS","OPEN",60,"ROANE","54087","USA",38.812554779,-81.369034233,622110,"GENERAL MEDICAL AND SURGICAL HOSPITALS","https://ohflac.wvdhhr.org/apps/lookup/facilitysearch","2019/08/10 00:00:00","IMAGERY","2014/02/10 00:00:00","http://www.roanegeneralhospital.com","205007","ROANE GENERAL HOSPITAL",54,"NON-PROFIT",-999,60,"LEVEL IV","Y"
"55",-8760683.848,4769537.2305,6710,5526757,"HAMPSHIRE MEMORIAL HOSPITAL","363 SUNRISE BOULEVARD","ROMNEY","WV",26757,"NOT AVAILABLE","(304) 822-4561","CRITICAL ACCESS","OPEN",44,"HAMPSHIRE","54027","USA",39.3333710000001,-78.698562,622110,"GENERAL MEDICAL AND SURGICAL HOSPITALS","https://ohflac.wvdhhr.org/apps/lookup/facilitysearch","2019/08/10 00:00:00","IMAGERY/OTHER","2014/02/10 00:00:00","http://www.valleyhealthlink.com/hampshire","205012","EAST MOUNTAIN HEALTH ADVANTAGE, INC.",54,"NON-PROFIT",-999,44,"NOT AVAILABLE","Y"
"56",-9087291.3241,4629538.9308,6711,4325301,"SELECT SPECIALTY HOSPITAL","333 LAIDLEY STREET","CHARLESTON","WV",25301,"NOT AVAILABLE","(304) 388-3604","LONG TERM CARE","OPEN",32,"KANAWHA","54039","USA",38.3538829330001,-81.632526877,622310,"SPECIALTY (EXCEPT PSYCHIATRIC AND SUBSTANCE ABUSE) HOSPITALS","https://ohflac.wvdhhr.org/apps/lookup/facilitysearch","2019/08/10 00:00:00","IMAGERY","2014/02/10 00:00:00","http://charleston.selectspecialtyhospitals.com/","WV208001","SELECT SPECIALTY HOSPITAL",54,"PROPRIETARY",-999,32,"NOT AVAILABLE","N"
"57",-8997875.7035,4620830.7866,6712,4626651,"SUMMERSVILLE REGIONAL MEDICAL CENTER","400 FAIRVIEW HEIGHTS ROAD","SUMMERSVILLE","WV",26651,"NOT AVAILABLE","(304) 872-2891","GENERAL ACUTE CARE","OPEN",105,"NICHOLAS","54067","USA",38.292512195,-80.829292691,622110,"GENERAL MEDICAL AND SURGICAL HOSPITALS","https://ohflac.wvdhhr.org/apps/lookup/facilitysearch","2019/08/10 00:00:00","IMAGERY","2014/02/10 00:00:00","http://www.summersvillememorial.org","201061","SUMMERSVILLE REGIONAL MEDICAL CENTER",54,"GOVERNMENT - LOCAL",-999,105,"LEVEL IV","Y"
"58",-8705226.296,4814109.5849,6713,6125411,"WAR MEMORIAL HOSPITAL","1 HEALTHY WAY","BERKELEY SPRINGS","WV",25411,"NOT AVAILABLE","(304) 258-1234","CRITICAL ACCESS","OPEN",41,"MORGAN","54065","USA",39.6423826920001,-78.2003783339999,622110,"GENERAL MEDICAL AND SURGICAL HOSPITALS","https://ohflac.wvdhhr.org/apps/lookup/facilitysearch","2019/08/10 00:00:00","IMAGERY/OTHER","2019/04/16 00:00:00","http://www.valleyhealthlink.com/war","205010","WAR MEMORIAL HOSPITAL INC",54,"NON-PROFIT",-999,41,"NOT AVAILABLE","Y"
"59",-8951276.7893,4647778.9693,6714,6226288,"WEBSTER COUNTY MEMORIAL HOSPITAL","324 MILLER MOUNTAIN DRIVE, PO BOX 312","WEBSTER SPRINGS","WV",26288,"NOT AVAILABLE","(304) 847-5682","CRITICAL ACCESS","OPEN",15,"WEBSTER","54101","USA",38.48226133,-80.410687522,622110,"GENERAL MEDICAL AND SURGICAL HOSPITALS","https://ohflac.wvdhhr.org/apps/lookup/facilitysearch","2019/08/10 00:00:00","IMAGERY/OTHER","2014/02/10 00:00:00","http://www.wcmhwv.com","205002","WEBSTER COUNTY MEMORIAL HOSPITAL, INC.",54,"NON-PROFIT",-999,15,"NOT AVAILABLE","N"
"60",-9082345.6365,4500493.7552,6715,4824801,"WELCH COMMUNITY HOSPITAL","454 MCDOWELL STREET","WELCH","WV",24801,"NOT AVAILABLE","(304) 436-8461","GENERAL ACUTE CARE","OPEN",124,"MCDOWELL","54047","USA",37.439129054,-81.588099009,622110,"GENERAL MEDICAL AND SURGICAL HOSPITALS","https://ohflac.wvdhhr.org/apps/lookup/facilitysearch","2019/08/10 00:00:00","IMAGERY","2014/02/12 00:00:00","NOT AVAILABLE","202016","WELCH EMERGENCY HOSPITAL",54,"GOVERNMENT - STATE",-999,124,"NOT AVAILABLE","Y"
"61",-8673025.3891,4781683.0055,6716,17025405,"MARTINSBURG VA MEDICAL CENTER","510 BUTLER AVE","MARTINSBURG","WV",25405,"NOT AVAILABLE","(304) 263-0811","MILITARY","OPEN",-999,"BERKELEY","54003","USA",39.417711453,-77.911112666,622110,"GENERAL MEDICAL AND SURGICAL HOSPITALS","https://www.va.gov/directory/guide/allstate.asp","2019/09/26 00:00:00","IMAGERY/OTHER","2015/05/29 00:00:00","http://www.martinsburg.va.gov/","NOT AVAILABLE","NOT AVAILABLE",54,"GOVERNMENT - FEDERAL",-999,-999,"NOT AVAILABLE","Y"
"62",-9079229.5079,4760338.0583,6717,126101,"CAMDEN CLARK MEDICAL CENTER","800 GARFIELD AVE","PARKERSBURG","WV",26101,"NOT AVAILABLE","(304) 424-2111","GENERAL ACUTE CARE","OPEN",273,"WOOD","54107","USA",39.2694240100001,-81.56010635,622110,"GENERAL MEDICAL AND SURGICAL HOSPITALS","https://ohflac.wvdhhr.org/apps/lookup/facilitysearch","2019/08/10 00:00:00","IMAGERY","2014/02/10 00:00:00","http://www.camdenclark.org","201007","CAMDEN-CLARK MEMORIAL HOSPITAL",54,"NON-PROFIT",-999,302,"LEVEL III","Y"
"63",-9086698.3114,4628692.7565,6718,225301,"CHARLSTON AREA MEDICAL CENTER","501 MORRIS STREET","CHARLESTON","WV",25301,"NOT AVAILABLE","(304) 388-6200","GENERAL ACUTE CARE","OPEN",268,"KANAWHA","54039","USA",38.34792179,-81.627199753,622110,"GENERAL MEDICAL AND SURGICAL HOSPITALS","https://ohflac.wvdhhr.org/apps/lookup/facilitysearch","2019/08/10 00:00:00","IMAGERY","2014/02/10 00:00:00","http://www.camc.org/gh","201052","CHARLESTON AREA MEDICAL CENTER",54,"NON-PROFIT",-999,956,"LEVEL I","Y"
"64",-8946907.652,4760676.1713,6719,152726301,"HIGHLAND-CLARKSBURG HOSPITAL INC","3 HOSPITAL PLAZA","CLARKSBURG","WV",26301,"NOT AVAILABLE","(304) 622-4951","PSYCHIATRIC","OPEN",-999,"HARRISON","54033","USA",39.271775398,-80.3714388939999,622210,"PSYCHIATRIC AND SUBSTANCE ABUSE HOSPITALS","https://ohflac.wvdhhr.org/apps/lookup/facilitysearch","2019/08/10 00:00:00","IMAGERY/OTHER","2015/03/30 00:00:00","https://highlandhospitalwv.com/","WV203006","NOT AVAILABLE",54,"PROPRIETARY",-999,115,"NOT AVAILABLE","N"
"65",-9098158.3763,4696331.7837,6720,3025271,"JACKSON GENERAL HOSPITAL","122 PINNELL ST","RIPLEY","WV",25271,"NOT AVAILABLE","(304) 372-2731","CRITICAL ACCESS","OPEN",46,"JACKSON","54035","USA",38.822876283,-81.7301472679999,622110,"GENERAL MEDICAL AND SURGICAL HOSPITALS","https://ohflac.wvdhhr.org/apps/lookup/facilitysearch","2019/08/10 00:00:00","IMAGERY","2014/02/10 00:00:00","http://www.jacksongeneral.com","205022","JACKSON GENERAL HOSPITAL",54,"NON-PROFIT",-999,25,"LEVEL IV","Y"
"66",-8899653.0667,4817179.5438,6723,3326505,"MONONGALIA COUNTY GENERAL HOSPITAL","1200 JD ANDERSON DR","MORGANTOWN","WV",26505,"NOT AVAILABLE","(304) 598-1200","GENERAL ACUTE CARE","OPEN",199,"MONONGALIA","54061","USA",39.6636155670001,-79.946943732,622110,"GENERAL MEDICAL AND SURGICAL HOSPITALS","https://ohflac.wvdhhr.org/apps/lookup/facilitysearch","2019/08/10 00:00:00","IMAGERY","2013/11/15 00:00:00","http://www.mongeneral.com","201026","MONONGALIA GENERAL HOSPITAL",54,"PROPRIETARY",-999,189,"LEVEL IV","N"
"67",-8964323.8947,4923231.3114,6724,4726062,"WEIRTON MEDICAL CENTER","601 COLLIERS WAY","WEIRTON","WV",26062,"NOT AVAILABLE","(304) 797-6000","GENERAL ACUTE CARE","OPEN",231,"BROOKE","54009","USA",40.393095175,-80.527891664,622110,"GENERAL MEDICAL AND SURGICAL HOSPITALS","https://ohflac.wvdhhr.org/apps/lookup/facilitysearch","2019/08/10 00:00:00","IMAGERY","2014/02/10 00:00:00","http://www.weirtonmedical.com","201047","WEIRTON MEDICAL CENTER, INC.",54,"NON-PROFIT",-999,218,"LEVEL IV","Y"
"68",-8889395.6943,4711400.0515,6889,5326241,"DAVIS MEDICAL CENTER","812 GORMAN AVENUE, PO BOX 1484","ELKINS","WV",26241,"NOT AVAILABLE","(304) 636-3300","GENERAL ACUTE CARE","OPEN",90,"RANDOLPH","54083","USA",38.9282559110001,-79.854800188,622110,"GENERAL MEDICAL AND SURGICAL HOSPITALS","https://ohflac.wvdhhr.org/apps/lookup/facilitysearch","2019/08/10 00:00:00","IMAGERY/OTHER","2014/02/10 00:00:00","http://www.davishealthsystem.com","201010","DAVIS MEMORIAL HOSPITAL",54,"NON-PROFIT",-999,80,"NOT AVAILABLE","Y"
"69",-9172811.718,4640621.7258,7485,525702,"CORNERSTONE HOSPITAL OF HUNTINGTON","2900 FIRST AVENUE, 2E","HUNTINGTON","WV",25702,"NOT AVAILABLE","(304) 399-2600","LONG TERM CARE","OPEN",28,"CABELL","54011","USA",38.431913883,-82.400769646,622310,"SPECIALTY (EXCEPT PSYCHIATRIC AND SUBSTANCE ABUSE) HOSPITALS","https://ohflac.wvdhhr.org/apps/lookup/facilitysearch","2019/08/10 00:00:00","IMAGERY","2014/03/12 00:00:00","http://www.chghospitals.com","WV208002","CS HEALTHCARE HOLDINGS LLC",54,"PROPRIETARY",-999,28,"NOT AVAILABLE","Y"
"70",-8981737.1158,4874545.2629,7486,7426003,"ACUITY SPECIALTY HOSPITAL OHIO VALLEY WHEELING","1 MEDICAL PARK, 6TH FLOOR","WHEELING","WV",26003,"NOT AVAILABLE","(740) 283-7497","LONG TERM CARE","OPEN",13,"OHIO","54069","USA",40.059175714,-80.684317291,622310,"SPECIALTY (EXCEPT PSYCHIATRIC AND SUBSTANCE ABUSE) HOSPITALS","https://ohflac.wvdhhr.org/apps/lookup/facilitysearch","2019/08/10 00:00:00","IMAGERY/OTHER","2017/03/28 00:00:00","http://belmont.acuityhealthcare.net/","WV208004","NOT AVAILABLE",54,"PROPRIETARY",-999,13,"NOT AVAILABLE","Y"
"71",-9017329.5852,4802005.0813,7487,1526175,"SISTERSVILLE GENERAL HOSPITAL","314 SOUTH WELLS STREET","SISTERSVILLE","WV",26175,"NOT AVAILABLE","(304) 652-2611","CRITICAL ACCESS","OPEN",12,"TYLER","54095","USA",39.558600309,-81.0040498829999,622110,"GENERAL MEDICAL AND SURGICAL HOSPITALS","https://ohflac.wvdhhr.org/apps/lookup/facilitysearch","2019/08/10 00:00:00","IMAGERY","2013/11/15 00:00:00","http://www.sistersvillehospital.com","205006","SISTERSVILLE GENERAL HOSPITAL",54,"NOT AVAILABLE",-999,12,"NOT AVAILABLE","N"
